{"cameraMode":{"drawMode":0,"name":"Shaded","section":"Shading Mode"},"sceneLighting":false,"audioPlay":false,"sceneViewState":{"showFog":true,"showMaterialUpdate":false,"showSkybox":false,"showFlares":true,"showImageEffects":true,"showParticleSystems":true},"in2DMode":false,"pivot":{"x":0.0,"y":1.0625661611557007,"z":7.503002643585205},"rotation":{"x":-0.22306571900844575,"y":0.16488613188266755,"z":-0.03831304982304573,"w":-0.9599958658218384},"size":0.34533989429473879,"orthographic":false}