{"cameraMode":{"drawMode":0,"name":"Shaded","section":"Shading Mode"},"sceneLighting":false,"audioPlay":false,"sceneViewState":{"showFog":true,"showMaterialUpdate":false,"showSkybox":false,"showFlares":true,"showImageEffects":true,"showParticleSystems":true},"in2DMode":false,"pivot":{"x":1.2512233257293702,"y":0.08133721351623535,"z":1.065382480621338},"rotation":{"x":-0.17173896729946137,"y":0.0493338443338871,"z":-0.008611664175987244,"w":-0.9838879704475403},"size":0.4537346363067627,"orthographic":false}