{"cameraMode":{"drawMode":0,"name":"Shaded","section":"Shading Mode"},"sceneLighting":false,"audioPlay":false,"sceneViewState":{"showFog":true,"showMaterialUpdate":false,"showSkybox":false,"showFlares":true,"showImageEffects":true,"showParticleSystems":true},"in2DMode":false,"pivot":{"x":-5.960464477539063e-8,"y":0.0,"z":-0.045410871505737308},"rotation":{"x":-0.22306571900844575,"y":0.16488613188266755,"z":-0.03831304982304573,"w":-0.9599958658218384},"size":1.1121957302093506,"orthographic":false}