{"cameraMode":{"drawMode":0,"name":"Shaded","section":"Shading Mode"},"sceneLighting":false,"audioPlay":false,"sceneViewState":{"showFog":true,"showMaterialUpdate":false,"showSkybox":true,"showFlares":true,"showImageEffects":true,"showParticleSystems":true},"in2DMode":false,"pivot":{"x":-160.3875732421875,"y":10.90618896484375,"z":108.92147827148438},"rotation":{"x":-0.22287887334823609,"y":0.251666396856308,"z":-0.05965574458241463,"w":-0.9399627447128296},"size":30.018388748168947,"orthographic":false}