{"cameraMode":{"drawMode":0,"name":"Shaded","section":"Shading Mode"},"sceneLighting":false,"audioPlay":false,"sceneViewState":{"showFog":true,"showMaterialUpdate":false,"showSkybox":true,"showFlares":true,"showImageEffects":true,"showParticleSystems":true},"in2DMode":false,"pivot":{"x":-138.2390899658203,"y":26.018505096435548,"z":63.7774658203125},"rotation":{"x":-0.009295389987528324,"y":0.05362752825021744,"z":-0.0005638443399220705,"w":-0.9985381960868836},"size":13.962109565734864,"orthographic":false}