{"cameraMode":{"drawMode":0,"name":"Shaded","section":"Shading Mode"},"sceneLighting":false,"audioPlay":false,"sceneViewState":{"showFog":true,"showMaterialUpdate":false,"showSkybox":true,"showFlares":true,"showImageEffects":true,"showParticleSystems":true},"in2DMode":false,"pivot":{"x":-138.2390899658203,"y":26.018505096435548,"z":63.7774658203125},"rotation":{"x":-0.13666652143001557,"y":0.30767902731895449,"z":-0.04477572813630104,"w":-0.940577507019043},"size":1.242470383644104,"orthographic":false}