{"cameraMode":{"drawMode":0,"name":"Shaded","section":"Shading Mode"},"sceneLighting":false,"audioPlay":false,"sceneViewState":{"showFog":true,"showMaterialUpdate":false,"showSkybox":false,"showFlares":true,"showImageEffects":true,"showParticleSystems":true},"in2DMode":false,"pivot":{"x":-455.74774169921877,"y":119.77040100097656,"z":609.831298828125},"rotation":{"x":-0.3205697536468506,"y":-0.5384055376052856,"z":0.23196975886821748,"w":-0.7440494298934937},"size":154.80596923828126,"orthographic":false}