{"cameraMode":{"drawMode":0,"name":"Shaded","section":"Shading Mode"},"sceneLighting":false,"audioPlay":false,"sceneViewState":{"showFog":true,"showMaterialUpdate":false,"showSkybox":false,"showFlares":true,"showImageEffects":true,"showParticleSystems":true},"in2DMode":false,"pivot":{"x":-1.33980131149292,"y":0.021883010864257814,"z":2.990000009536743},"rotation":{"x":-0.22306571900844575,"y":0.16488613188266755,"z":-0.03831304982304573,"w":-0.9599958658218384},"size":1.803722620010376,"orthographic":false}