{"cameraMode":{"drawMode":0,"name":"Shaded","section":"Shading Mode"},"sceneLighting":false,"audioPlay":false,"sceneViewState":{"showFog":true,"showMaterialUpdate":false,"showSkybox":true,"showFlares":true,"showImageEffects":true,"showParticleSystems":true},"in2DMode":false,"pivot":{"x":-138.2390899658203,"y":26.018505096435548,"z":63.7774658203125},"rotation":{"x":-0.04974041134119034,"y":0.0445830263197422,"z":-0.0022872737608850004,"w":-0.9977896809577942},"size":5.506501197814941,"orthographic":false}