{"cameraMode":{"drawMode":0,"name":"Shaded","section":"Shading Mode"},"sceneLighting":true,"audioPlay":false,"sceneViewState":{"showFog":true,"showMaterialUpdate":false,"showSkybox":true,"showFlares":true,"showImageEffects":true,"showParticleSystems":true},"in2DMode":false,"pivot":{"x":-137.52171325683595,"y":25.430204391479493,"z":63.099998474121097},"rotation":{"x":-0.060271430760622028,"y":-0.012872762978076935,"z":0.0008268331876024604,"w":-0.9981526136398315},"size":2.6253654956817629,"orthographic":false}