{"cameraMode":{"drawMode":0,"name":"Shaded","section":"Shading Mode"},"sceneLighting":false,"audioPlay":false,"sceneViewState":{"showFog":true,"showMaterialUpdate":false,"showSkybox":true,"showFlares":true,"showImageEffects":true,"showParticleSystems":true},"in2DMode":false,"pivot":{"x":-137.6141357421875,"y":25.515230178833009,"z":66.85302734375},"rotation":{"x":-0.05738925561308861,"y":-0.21660788357257844,"z":0.01270800456404686,"w":-0.9745306372642517},"size":0.8844076991081238,"orthographic":false}