{"cameraMode":{"drawMode":0,"name":"Shaded","section":"Shading Mode"},"sceneLighting":false,"audioPlay":false,"sceneViewState":{"showFog":true,"showMaterialUpdate":false,"showSkybox":false,"showFlares":true,"showImageEffects":true,"showParticleSystems":true},"in2DMode":false,"pivot":{"x":-0.6416400671005249,"y":-1.0752577781677247,"z":11.063851356506348},"rotation":{"x":-0.22306571900844575,"y":0.16488613188266755,"z":-0.03831304982304573,"w":-0.9599958658218384},"size":0.6256574988365173,"orthographic":false}