{"cameraMode":{"drawMode":0,"name":"Shaded","section":"Shading Mode"},"sceneLighting":false,"audioPlay":false,"sceneViewState":{"showFog":true,"showMaterialUpdate":false,"showSkybox":false,"showFlares":true,"showImageEffects":true,"showParticleSystems":true},"in2DMode":false,"pivot":{"x":3.638566493988037,"y":1.0916438102722169,"z":-48.64048767089844},"rotation":{"x":-0.3205697536468506,"y":-0.5384055376052856,"z":0.23196975886821748,"w":-0.7440494298934937},"size":3.397516965866089,"orthographic":false}