{"cameraMode":{"drawMode":0,"name":"Shaded","section":"Shading Mode"},"sceneLighting":false,"audioPlay":false,"sceneViewState":{"showFog":true,"showMaterialUpdate":false,"showSkybox":false,"showFlares":true,"showImageEffects":true,"showParticleSystems":true},"in2DMode":false,"pivot":{"x":-137.515869140625,"y":24.9464168548584,"z":63.099525451660159},"rotation":{"x":-0.060271430760622028,"y":-0.012872762978076935,"z":0.0008268331876024604,"w":-0.9981526136398315},"size":1.9187209606170655,"orthographic":false}