{"cameraMode":{"drawMode":0,"name":"Shaded","section":"Shading Mode"},"sceneLighting":false,"audioPlay":false,"sceneViewState":{"showFog":true,"showMaterialUpdate":false,"showSkybox":true,"showFlares":true,"showImageEffects":true,"showParticleSystems":true},"in2DMode":false,"pivot":{"x":-122.92752075195313,"y":25.96023941040039,"z":-13.42458724975586},"rotation":{"x":-0.017232127487659456,"y":0.9726030826568604,"z":-0.07631456106901169,"w":-0.2192222774028778},"size":98.82227325439453,"orthographic":false}