{"cameraMode":{"drawMode":0,"name":"Shaded","section":"Shading Mode"},"sceneLighting":true,"audioPlay":false,"sceneViewState":{"showFog":true,"showMaterialUpdate":false,"showSkybox":true,"showFlares":true,"showImageEffects":true,"showParticleSystems":true},"in2DMode":false,"pivot":{"x":4.233227729797363,"y":0.5517237186431885,"z":-48.53600311279297},"rotation":{"x":-0.01080864854156971,"y":0.020098773762583734,"z":-0.00020086538279429078,"w":-0.9997835159301758},"size":74.10491180419922,"orthographic":false}