{"cameraMode":{"drawMode":0,"name":"Shaded","section":"Shading Mode"},"sceneLighting":true,"audioPlay":false,"sceneViewState":{"showFog":true,"showMaterialUpdate":false,"showSkybox":false,"showFlares":true,"showImageEffects":true,"showParticleSystems":true},"in2DMode":false,"pivot":{"x":3.638566493988037,"y":1.0916438102722169,"z":-48.64048767089844},"rotation":{"x":-0.30591413378715517,"y":-0.6935872435569763,"z":0.44488024711608889,"w":-0.47696104645729067},"size":6.397518157958984,"orthographic":false}